{
  "project_info": {
    "project_number": "533466667417",
    "project_id": "chrono-3b5c0",
    "storage_bucket": "chrono-3b5c0.appspot.com"
  },
  "client": [
    {
      "client_info": {
        "mobilesdk_app_id": "1:533466667417:android:f2c3f60e60e66799889b08",
        "android_client_info": {
          "package_name": "com.ace.chrono"
        }
      },
      "oauth_client": [
        {
          "client_id": "533466667417-rt8uaettffh29mfsqbt73mja4lojq26p.apps.googleusercontent.com",
          "client_type": 1,
          "android_info": {
            "package_name": "com.ace.chrono",
            "certificate_hash": "50ce9399ea5035ee5193b5ae6a7f19c479812ced"
          }
        },
        {
          "client_id": "533466667417-untufmmgreb98j55ggb1md8td0qn73tj.apps.googleusercontent.com",
          "client_type": 3
        }
      ],
      "api_key": [
        {
          "current_key": "AIzaSyCay9ulOZBr9vvOQ-4NHBj-d48SnrpyzfI"
        }
      ],
      "services": {
        "appinvite_service": {
          "other_platform_oauth_client": [
            {
              "client_id": "533466667417-untufmmgreb98j55ggb1md8td0qn73tj.apps.googleusercontent.com",
              "client_type": 3
            }
          ]
        }
      }
    }
  ],
  "configuration_version": "1"
}